<!-- This file is used by the ScenarioManager. -->
<scenario>
    <at t="0.5">
        <set-channel-param src-module="server" src-gate="ethg$o[0]" par="disabled" value="true"/>
        <set-channel-param src-module="client1" src-gate="ethg$o[0]" par="disabled" value="true"/>
    </at>
    <at t="1.7">
        <set-channel-param src-module="server" src-gate="ethg$o[0]" par="disabled" value="false"/>
        <set-channel-param src-module="client1" src-gate="ethg$o[0]" par="disabled" value="false"/>
        <set-channel-param src-module="server" src-gate="ethg$o[0]" par="datarate" value="10Mbps"/>
        <set-channel-param src-module="client1" src-gate="ethg$o[0]" par="datarate" value="10Mbps"/>
    </at>
    <at t="2">
        <set-channel-param src-module="server" src-gate="ethg$o[0]" par="datarate" value="100Mbps"/>
        <set-channel-param src-module="client1" src-gate="ethg$o[0]" par="datarate" value="100Mbps"/>
    </at>
    <at t="3.3">
        <set-channel-param src-module="server" src-gate="ethg$o[0]" par="disabled" value="true"/>
    </at>
    <at t="3.32">
        <set-channel-param src-module="client1" src-gate="ethg$o[0]" par="disabled" value="true"/>
    </at>
    <at t="4.7">
        <set-channel-param src-module="server" src-gate="ethg$o[0]" par="disabled" value="false"/>
        <set-channel-param src-module="client1" src-gate="ethg$o[0]" par="disabled" value="false"/>
        <set-channel-param src-module="server" src-gate="ethg$o[0]" par="datarate" value="10Mbps"/>
        <set-channel-param src-module="client1" src-gate="ethg$o[0]" par="datarate" value="10Mbps"/>
    </at>
</scenario>
