<?xml version="1.0"?>
<OSPFASConfig xmlns:xsi="http://www.w3.org/2001/XMLSchema-instance" xsi:schemaLocation="OSPF.xsd">

  <!-- Areas -->
  <Area id="0.0.0.0">
    <AddressRange address="H1" mask="H1" />
    <AddressRange address="H2" mask="H2" />
    <AddressRange address="R1>R2" mask="R1>R2" />
    <AddressRange address="R2>R1" mask="R2>R1" />
  </Area>

  <!-- Routers -->
  <Router name="R1" RFC1583Compatible="true">
    <BroadcastInterface ifName="eth0" areaID="0.0.0.0" interfaceOutputCost="1" routerPriority="1" />
    <PointToPointInterface ifName="eth1" areaID="0.0.0.0" interfaceOutputCost="2" />
  </Router>

  <Router name="R2" RFC1583Compatible="true">
    <PointToPointInterface ifName="eth0" areaID="0.0.0.0" interfaceOutputCost="2" />
    <BroadcastInterface ifName="eth1" areaID="0.0.0.0" interfaceOutputCost="1" routerPriority="2" />
  </Router>

</OSPFASConfig>
