<scenario>
    <at t="200">
        <disconnect src-module="RA" src-gate="ethg$o[0]" />
        <disconnect src-module="R1" src-gate="ethg$o[1]" />
    </at>
    <at t="400">
        <connect src-module="RA" src-gate="ethg[0]"
                 dest-module="R1" dest-gate="ethg[1]"
                 channel-type="inet.common.misc.ThruputMeteringChannel">
            <param name="delay" value="0.1us" />
            <param name="datarate" value="100Mbps" />
            <param name="thruputDisplayFormat" value='"#N"' />
        </connect>
    </at>
</scenario>
