<?xml version="1.0" encoding="UTF-8"?> 
<java version="1.6.0_02" class="java.beans.XMLDecoder"> 
 <object id="Gfx_Panel0" class="ui.Gfx_Panel"> 
  <void property="background"> 
   <object class="java.awt.Color"> 
    <int>0</int> 
    <int>0</int> 
    <int>0</int> 
    <int>255</int> 
   </object> 
  </void> 
  <void property="font"> 
   <object class="java.awt.Font"> 
    <string>Dialog</string> 
    <int>0</int> 
    <int>11</int> 
   </object> 
  </void> 
  <void method="add"> 
   <object id="Mobile_MovementKeeper0" class="network.node.Mobile_MovementKeeper"> 
    <void property="location"> 
     <object class="java.awt.Point"> 
      <int>91</int> 
      <int>81</int> 
     </object> 
    </void> 
    <void property="moveMobile"> 
     <object class="network.mobility.path_Follower.Path_Follower_Time_Dependent"> 
      <void property="AMOOSEMean_Stay_Time"> 
       <string>240000</string> 
      </void> 
      <void property="AMOOSEPath_Sequence"> 
       <string>Start;end_point</string> 
      </void> 
      <void property="AMOOSESpeed"> 
       <string>1.0</string> 
      </void> 
      <void property="AMOOSEStartTime"> 
       <string>100000</string> 
      </void> 
      <void property="position"> 
       <object class="java.awt.Point"> 
        <int>204</int> 
        <int>98</int> 
       </object> 
      </void> 
      <void property="time"> 
       <long>36001000</long> 
      </void> 
     </object> 
    </void> 
    <void property="nodeReportList"> 
     <void index="0"> 
      <void property="parentNode"> 
       <object idref="Mobile_MovementKeeper0"/> 
      </void> 
     </void> 
     <void method="add"> 
      <object class="control.reports.MovementTracer"> 
       <void property="parentNode"> 
        <object idref="Mobile_MovementKeeper0"/> 
       </void> 
      </object> 
     </void> 
    </void> 
    <void property="selfConnection"> 
     <void property="protocolStack"> 
      <void index="0"> 
       <void property="nextProtocol"> 
        <void property="nextProtocol"> 
         <void property="report"> 
          <void property="parentNode"> 
           <object idref="Mobile_MovementKeeper0"/> 
          </void> 
         </void> 
        </void> 
        <void property="report"> 
         <void property="parentNode"> 
          <object idref="Mobile_MovementKeeper0"/> 
         </void> 
        </void> 
       </void> 
       <void property="report"> 
        <void property="parentNode"> 
         <object idref="Mobile_MovementKeeper0"/> 
        </void> 
       </void> 
      </void> 
     </void> 
    </void> 
    <void method="addMouseListener"> 
     <object id="MouseListenerGfxPanelNodes0" class="ui.MouseListenerGfxPanelNodes"> 
      <void property="gfxPanelCenter"> 
       <object idref="Gfx_Panel0"/> 
      </void> 
     </object> 
    </void> 
    <void method="addMouseMotionListener"> 
     <object id="MouseMotionListenerGfxPanel0" class="ui.MouseMotionListenerGfxPanel"/> 
    </void> 
    <void method="addMouseMotionListener"> 
     <object class="javax.swing.ToolTipManager" method="sharedInstance"/> 
    </void> 
   </object> 
  </void> 
  <void method="add"> 
   <object id="Simple_Point2Point_Area0" class="network.node.Simple_Point2Point_Area"> 
    <void property="bounds"> 
     <object class="java.awt.Rectangle"> 
      <int>117</int> 
      <int>94</int> 
      <int>488</int> 
      <int>11</int> 
     </object> 
    </void> 
    <void property="MOOSEEndpoint_X"> 
     <string>600</string> 
    </void> 
    <void property="MOOSEName"> 
     <string>link</string> 
    </void> 
    <void property="MOOSEStartpoint_Y"> 
     <string>100</string> 
    </void> 
    <void property="moveMobile"> 
     <void property="AMOOSESpeed"> 
      <string>1.0</string> 
     </void> 
     <void property="MOOSEEndPosX"> 
      <string>600</string> 
     </void> 
     <void property="MOOSEEndPosY"> 
      <string>99</string> 
     </void> 
     <void property="MOOSEStartPosX"> 
      <string>122</string> 
     </void> 
     <void property="MOOSEStartPosY"> 
      <string>100</string> 
     </void> 
     <void property="position"> 
      <object class="java.awt.Point"> 
       <int>125</int> 
       <int>98</int> 
      </object> 
     </void> 
    </void> 
    <void property="nodeReportList"> 
     <void index="0"> 
      <void property="parentNode"> 
       <object idref="Simple_Point2Point_Area0"/> 
      </void> 
     </void> 
    </void> 
    <void property="selfConnection"> 
     <void property="protocolStack"> 
      <void index="0"> 
       <void property="report"> 
        <void property="parentNode"> 
         <object idref="Simple_Point2Point_Area0"/> 
        </void> 
       </void> 
      </void> 
     </void> 
    </void> 
    <void method="addMouseListener"> 
     <object idref="MouseListenerGfxPanelNodes0"/> 
    </void> 
    <void method="addMouseMotionListener"> 
     <object idref="MouseMotionListenerGfxPanel0"/> 
    </void> 
   </object> 
  </void> 
  <void method="add"> 
   <object id="Simple_UserArea0" class="network.node.Simple_UserArea"> 
    <void property="location"> 
     <object class="java.awt.Point"> 
      <int>586</int> 
      <int>70</int> 
     </object> 
    </void> 
    <void property="MOOSEName"> 
     <string>end_point</string> 
    </void> 
    <void property="moveMobile"> 
     <void property="AMOOSESpeed"> 
      <string>1.0</string> 
     </void> 
    </void> 
    <void property="nodeReportList"> 
     <void index="0"> 
      <void property="parentNode"> 
       <object idref="Simple_UserArea0"/> 
      </void> 
     </void> 
    </void> 
    <void property="selfConnection"> 
     <void property="protocolStack"> 
      <void index="0"> 
       <void property="report"> 
        <void property="parentNode"> 
         <object idref="Simple_UserArea0"/> 
        </void> 
       </void> 
      </void> 
     </void> 
    </void> 
    <void method="addMouseListener"> 
     <object idref="MouseListenerGfxPanelNodes0"/> 
    </void> 
    <void method="addMouseMotionListener"> 
     <object idref="MouseMotionListenerGfxPanel0"/> 
    </void> 
   </object> 
  </void> 
  <void method="add"> 
   <object id="Simple_UserArea1" class="network.node.Simple_UserArea"> 
    <void property="location"> 
     <object class="java.awt.Point"> 
      <int>81</int> 
      <int>72</int> 
     </object> 
    </void> 
    <void property="MOOSEName"> 
     <string>Start</string> 
    </void> 
    <void property="moveMobile"> 
     <void property="AMOOSESpeed"> 
      <string>1.0</string> 
     </void> 
     <void property="AMOOSEStartTime"> 
      <string>100000</string> 
     </void> 
    </void> 
    <void property="nodeReportList"> 
     <void index="0"> 
      <void property="parentNode"> 
       <object idref="Simple_UserArea1"/> 
      </void> 
     </void> 
    </void> 
    <void property="selfConnection"> 
     <void property="protocolStack"> 
      <void index="0"> 
       <void property="report"> 
        <void property="parentNode"> 
         <object idref="Simple_UserArea1"/> 
        </void> 
       </void> 
      </void> 
     </void> 
    </void> 
    <void method="addMouseListener"> 
     <object idref="MouseListenerGfxPanelNodes0"/> 
    </void> 
    <void method="addMouseMotionListener"> 
     <object idref="MouseMotionListenerGfxPanel0"/> 
    </void> 
   </object> 
  </void> 
  <void property="backgroundImage"> 
   <string>/home/zarrar/snapshot1.png</string> 
  </void> 
  <void property="layout"> 
   <null/> 
  </void> 
  <void method="addMouseListener"> 
   <object class="ui.MouseListenerGfxPanel"> 
    <void id="JPanel0" property="functionPanel"> 
     <void method="add"> 
      <object class="javax.swing.JRadioButton"> 
       <void property="actionCommand"> 
        <string>Select</string> 
       </void> 
       <void property="label"> 
        <string>Select</string> 
       </void> 
       <void property="model"> 
        <void property="actionCommand"> 
         <null/> 
        </void> 
        <void property="group"> 
         <object id="ButtonGroup0" class="javax.swing.ButtonGroup"/> 
        </void> 
        <void property="selected"> 
         <boolean>true</boolean> 
        </void> 
       </void> 
      </object> 
     </void> 
     <void method="add"> 
      <object class="javax.swing.JRadioButton"> 
       <void property="actionCommand"> 
        <string>Add</string> 
       </void> 
       <void property="label"> 
        <string>Add</string> 
       </void> 
       <void property="model"> 
        <void property="actionCommand"> 
         <null/> 
        </void> 
        <void property="group"> 
         <object idref="ButtonGroup0"/> 
        </void> 
       </void> 
      </object> 
     </void> 
     <void method="add"> 
      <object class="javax.swing.JRadioButton"> 
       <void property="actionCommand"> 
        <string>Connect</string> 
       </void> 
       <void property="label"> 
        <string>Connect</string> 
       </void> 
       <void property="model"> 
        <void property="actionCommand"> 
         <null/> 
        </void> 
        <void property="group"> 
         <object idref="ButtonGroup0"/> 
        </void> 
       </void> 
      </object> 
     </void> 
     <void method="add"> 
      <object class="javax.swing.JRadioButton"> 
       <void property="actionCommand"> 
        <string>Delete</string> 
       </void> 
       <void property="label"> 
        <string>Delete</string> 
       </void> 
       <void property="model"> 
        <void property="actionCommand"> 
         <null/> 
        </void> 
        <void property="group"> 
         <object idref="ButtonGroup0"/> 
        </void> 
       </void> 
      </object> 
     </void> 
     <void method="add"> 
      <object class="javax.swing.JRadioButton"> 
       <void property="actionCommand"> 
        <string>Clone</string> 
       </void> 
       <void property="label"> 
        <string>Clone</string> 
       </void> 
       <void property="model"> 
        <void property="actionCommand"> 
         <null/> 
        </void> 
        <void property="group"> 
         <object idref="ButtonGroup0"/> 
        </void> 
       </void> 
      </object> 
     </void> 
     <void property="alignmentX"> 
      <float>0.0</float> 
     </void> 
     <void property="layout"> 
      <object class="javax.swing.BoxLayout"> 
       <object idref="JPanel0"/> 
       <int>1</int> 
      </object> 
     </void> 
    </void> 
    <void property="gfxPanelCenter"> 
     <object idref="Gfx_Panel0"/> 
    </void> 
    <void property="gfxPanelListenerNodes"> 
     <object idref="MouseListenerGfxPanelNodes0"/> 
    </void> 
    <void property="gfxPanelMotionListener"> 
     <object idref="MouseMotionListenerGfxPanel0"/> 
    </void> 
   </object> 
  </void> 
  <void method="addMouseMotionListener"> 
   <object idref="MouseMotionListenerGfxPanel0"/> 
  </void> 
 </object> 
 <object class="ui.FramePropertiesSimulation"> 
  <void property="size"> 
   <object class="java.awt.Dimension"> 
    <int>562</int> 
    <int>538</int> 
   </object> 
  </void> 
  <void property="minimumSize"> 
   <object class="java.awt.Dimension"> 
    <int>395</int> 
    <int>533</int> 
   </object> 
  </void> 
  <void property="name"> 
   <string>frame0</string> 
  </void> 
  <void id="Properties0" property="properties"> 
   <void method="put"> 
    <string>snapshot.load.topology</string> 
    <string>false</string> 
   </void> 
   <void method="put"> 
    <string>snapshot.loadmovie</string> 
    <string>false</string> 
   </void> 
   <void method="put"> 
    <string>sim.datadirectory</string> 
    <string>/home/MOOSE</string> 
   </void> 
   <void method="put"> 
    <string>visible.connection</string> 
    <string>true</string> 
   </void> 
   <void method="put"> 
    <string>snapshot.density.topology</string> 
    <string>true</string> 
   </void> 
   <void method="put"> 
    <string>visible.server</string> 
    <string>true</string> 
   </void> 
   <void method="put"> 
    <string>visible.background</string> 
    <string>true</string> 
   </void> 
   <void method="put"> 
    <string>visible.area</string> 
    <string>true</string> 
   </void> 
   <void method="put"> 
    <string>snapshot.movieintervall</string> 
    <string>50000</string> 
   </void> 
   <void method="put"> 
    <string>sim.endtime</string> 
    <string>36000000</string> 
   </void> 
   <void method="put"> 
    <string>visible.basestation</string> 
    <string>true</string> 
   </void> 
   <void method="put"> 
    <string>snapshot.speed.active</string> 
    <string>true</string> 
   </void> 
   <void method="put"> 
    <string>snapshot.framerate</string> 
    <string>10</string> 
   </void> 
   <void method="put"> 
    <string>snapshot.density.decay</string> 
    <string>false</string> 
   </void> 
   <void method="put"> 
    <string>snapshot.decayvalue</string> 
    <string>0.1</string> 
   </void> 
   <void method="put"> 
    <string>sim.seed</string> 
    <string>0</string> 
   </void> 
   <void method="put"> 
    <string>snapshot.load.logscale</string> 
    <string>false</string> 
   </void> 
   <void method="put"> 
    <string>snapshot.gaussianfalloff</string> 
    <string>3</string> 
   </void> 
   <void method="put"> 
    <string>snapshot.speed.logscale</string> 
    <string>false</string> 
   </void> 
   <void method="put"> 
    <string>snapshot.densitymovie</string> 
    <string>false</string> 
   </void> 
   <void method="put"> 
    <string>snapshot.load.active</string> 
    <string>true</string> 
   </void> 
   <void method="put"> 
    <string>sim.distancemeasurement</string> 
    <string>control.HOPDistance</string> 
   </void> 
   <void method="put"> 
    <string>snapshot.speed.topology</string> 
    <string>true</string> 
   </void> 
   <void method="put"> 
    <string>snapshot.density.active</string> 
    <string>true</string> 
   </void> 
   <void method="put"> 
    <string>snapshot.density.logscale</string> 
    <string>false</string> 
   </void> 
   <void method="put"> 
    <string>sim.name</string> 
    <string>MOOSE_Simulation</string> 
   </void> 
   <void method="put"> 
    <string>visible.mobile</string> 
    <string>true</string> 
   </void> 
   <void method="put"> 
    <string>snapshot.intervall</string> 
    <string>1000</string> 
   </void> 
   <void method="put"> 
    <string>snapshot.movies</string> 
    <string>false</string> 
   </void> 
   <void method="put"> 
    <string>visible.router</string> 
    <string>true</string> 
   </void> 
   <void method="put"> 
    <string>sim.scale</string> 
    <string>1</string> 
   </void> 
   <void method="put"> 
    <string>snapshot.speedmovie</string> 
    <string>false</string> 
   </void> 
   <void method="put"> 
    <string>snapshot.scale</string> 
    <string>1</string> 
   </void> 
  </void> 
  <void property="properties"> 
   <object idref="Properties0"/> 
  </void> 
  <void method="addWindowListener"> 
   <object class="sun.awt.im.InputMethodContext"/> 
  </void> 
 </object> 
</java> 
