<scenario>
    <at t="90">
        <disconnect src-module="Router3" src-gate="ethg$o[1]" />
        <disconnect src-module="Router8" src-gate="ethg$o[0]" />		
  	</at>
  	<at t="300">
        <connect src-module="Router3" src-gate="ethg[1]"
                 dest-module="Router8" dest-gate="ethg[0]"
                 channel-type="inet.common.misc.ThruputMeteringChannel">
            <param name="delay" value="0.1us" />
            <param name="datarate" value="100Mbps" />
            <param name="thruputDisplayFormat" value='"#N"' />
        </connect>
    </at>
</scenario>