<?xml version="1.0" ?>
<movements>
    <movement id="1">
        <!-- draw a square -->
        <set speed="10" x="100" y="200"/>
        <repeat n="4">
            <forward d="50"/>
            <turn angle="90"/>
        </repeat>
    </movement>

    <movement id="2">
        <!-- two squares, the second 45 degrees tilted -->
        <set x="200" y="200" speed="10" angle="90"/>
        <repeat n="2">
            <repeat n="4">
                <forward d="50"/>
                <turn angle="90"/>
            </repeat>
            <turn angle="45"/>
            <set speed="20"/>
        </repeat>
    </movement>

    <movement id="3">
        <!-- Random Waypoint -->
        <repeat>
            <set speed="uniform(20,60)"/>
            <moveto x="uniform(0,$MAXX)" y="uniform(0,$MAXY)"/>
            <wait t="uniform(0,10)"/>
        </repeat>
    </movement>

    <movement id="4">
        <!-- MassMobility with "reflect" border policy -->
        <repeat>
            <set speed="uniform(10,20)" borderPolicy="reflect"/>
            <turn angle="uniform(-30,30)"/>
            <forward t="uniform(0.1,1)"/>
        </repeat>
    </movement>

    <movement id="5">
        <!-- MassMobility with "wrap" border policy -->
        <repeat>
            <set speed="uniform(10,20)" borderPolicy="wrap"/>
            <turn angle="uniform(-30,30)"/>
            <forward t="uniform(0.1,1)"/>
        </repeat>
    </movement>

    <movement id="6">
        <!-- MassMobility with "placerandomly" border policy -->
        <repeat>
            <set speed="uniform(10,20)" borderPolicy="placerandomly"/>
            <turn angle="uniform(-30,30)"/>
            <forward t="uniform(0.1,1)"/>
        </repeat>
    </movement>

</movements>

