<?xml version="1.0"?>
<!-- checker xmlns:xsi="http://www.w3.org/2001/XMLSchema-instance" xsi:noNamespaceSchemaLocation="MessageChecker.xsd" -->
<checker>
    <message occurence="4"/> <!-- CONNECTION_RESET, CLOSED, AVAILABLE, ESTABLISHED -->
    <message occurence="1">
<!--
        <fieldValue name="className" value="inet::bgp::BgpOpenMessage"/>
-->
    </message>
    <message occurence="1">
<!--
        <fieldValue name="className" value="inet::bgp::BgpKeepAliveMessage"/>
-->
    </message>
    <message occurence="1">
<!--
        <fieldValue name="className" value="inet::bgp::BgpUpdate"/>
-->
    </message>
</checker>
